material_id,type,backend_higg,frontend_higg,internal_abreviations,globalwarming,eutrophication,waterscarcity,abioticresourcedepletion,chemistry,overall_msi,co2e_kg,phosphate_po4eq,water_volume_m3,fossil_fuel_mj,chemistry_units,score_globwarm,score_eutrophication,score_water,score_resourcedepletion
tex_acet_0,Textiles,"Acetate, Triacetate fabric",Acetate,AC,18.1,12.9,18.0,20.3,10.3,79.6,19.1,0.012,39.2,297.0,21.7,1.0,1.911330049261084,1.0,1.0
tex_acry_1,Textiles,Acrylic fabric,Acrylic,,14.3,6.32,1.36,17.3,9.44,48.7,15.1,0.006,2.97,253.0,19.9,1.953405017921147,3.5320197044334978,3.5972808251289266,1.0
tex_alpa_2,Textiles,Alpaca Fabric,Alpaca,WP,77.8,222.0,1.24,9.22,9.29,320.0,82.5,0.212,2.7,135.0,19.6,1.0,1.0,3.653539615564932,3.8350877192982455
tex_aram_3,Textiles,Aramid fabric,Aramid,,9.76,2.46,0.605,13.0,7.13,32.9,10.3,0.002,1.32,189.0,15.0,3.09247311827957,4.482758620689655,3.9512423816221283,2.5087719298245617
tex_carb_4,Textiles,Carbon fiber fabric,Carbon,,18.7,16.6,2.06,23.1,4.04,64.5,19.8,0.016,4.48,337.0,8.53,1.0,1.0,3.26910454758556,1.0
tex_cell_5,Textiles,"Cellulosic Fiber, Naia {Eastman}",Naia Cellulosic Fiber,,9.47,3.39,1.82,11.6,9.18,38.85,10.0,0.003,3.97,170.0,19.4,3.1652329749103947,4.253694581280788,3.3816221284575714,3.0
tex_cott_6,Textiles,Cotton fabric,"Cotton, poplin, tabinet",CO,8.8,17.6,57.1,6.69,10.9,101.0,9.33,0.017,124.0,97.7,23.0,3.3333333333333335,1.0,1.0,4.722807017543859
tex_cott_7,Textiles,"Cotton fiber, organic","Organic cotton, organic poplin, organic tabinet",,7.6,9.4,6.9,6.1,8.3,38.3,8.06,0.009,15.0,89.1,17.5,3.634408602150538,2.7733990147783256,1.0,4.9298245614035086
tex_cott_8,Textiles,"Cotton fiber, recycled","Recycled cotton, upcycled cotton, post consumer cotton, deadstock cotton",,6.78,5.77,2.13,5.9,8.3,28.88,7.19,0.006,4.65,86.2,17.5,3.8401433691756273,3.6674876847290645,3.2362869198312234,5.0
tex_elas_9,Textiles,Elastane/Spandex {Hyosung} Creora® bio-based ,Creora (Bio-based Elastane/Spandex),,7.83,5.45,2.7,9.44,4.94,30.36,8.3,0.005,5.89,138.0,10.4,3.5767025089605737,3.7463054187192117,2.9690576652601965,3.757894736842106
tex_elas_10,Textiles,Elastane/Spandex/Lycra fabric,"Elastane, Spandex, Lycra",EL/EA,8.63,6.72,5.57,9.22,4.94,35.1,9.14,0.006,12.1,135.0,10.4,3.375985663082437,3.4334975369458127,1.6235349273323956,3.8350877192982455
tex_flax_11,Textiles,Flax fiber fabric,"Flax, linen",LI,13.6,52.3,3.43,12.0,11.1,92.5,14.4,0.05,7.48,175.0,23.5,2.129032258064517,1.0,2.6268166901078294,2.8596491228070176
tex_hemp_12,Textiles,Hemp fiber fabric,Hemp,HA/CA,14.0,59.8,4.23,12.2,9.77,100.0,14.8,0.057,9.23,178.0,20.6,2.0286738351254483,1.0,2.2517580872011247,2.7894736842105265
tex_agra_13,Textiles,Agraloop BioFibre (cottonized) {Circular Systems},Agraloop BioFibre™,,14.4,38.9,9.78,13.6,9.77,86.45,15.3,0.037,21.3,199.0,20.6,1.9283154121863801,1.0,1.0,2.298245614035088
tex_jute_14,Textiles,Jute fiber fabric,Jute,,11.1,18.9,6.82,9.91,11.1,57.9,11.8,0.018,14.9,145.0,23.5,2.756272401433692,1.0,1.0375058602906706,3.592982456140351
tex_lyoc_15,Textiles,Lyocell fabric,Lyocell,CLY,14.0,11.4,3.99,11.2,9.4,50.0,14.8,0.011,8.7,164.0,19.8,2.0286738351254483,2.2807881773399017,2.3642756680731365,3.140350877192983
tex_tenc_16,Textiles,Tencel™ Lyocell fabric {Lenzing} ,Tencel™ Lyocell,,9.68,8.35,2.41,9.26,9.4,39.1,10.3,0.008,5.25,135.0,19.8,3.1125448028673834,3.032019704433498,3.105016408813877,3.8210526315789477
tex_moda_17,Textiles,Modal fabric,Modal,MD,18.4,12.9,4.0,15.5,9.4,60.2,19.5,0.012,8.71,226.0,19.8,1.0,1.911330049261084,2.3595874355368025,1.6315789473684212
tex_tenc_18,Textiles,Tencel™ Modal {Lenzing}Tencel,Tencel™ Modal,,8.28,7.15,2.22,8.24,9.4,35.29,8.78,0.007,4.85,120.0,19.8,3.463799283154122,3.3275862068965516,3.1940928270042193,4.178947368421053
tex_liva_19,Textiles,Livaeco™ Modal Fibre {BIRLA},Livaeco™ Modal,,10.5,9.33,2.57,10.3,9.4,42.1,11.2,0.009,5.61,151.0,19.8,2.906810035842294,2.79064039408867,3.0300046882325367,3.4561403508771926
tex_nylo_20,Textiles,Nylon fabric,Polyamide/Nylon,PA,15.3,4.67,0.937,18.3,9.29,48.49,16.2,0.004,2.04,268.0,19.6,1.7025089605734767,3.938423645320197,3.7955930614158464,1.0
tex_nylo_21,Textiles,"Nylon fabric, recycled","Recycled Polyamide/Nylon, Upcycled Polyamide/Nylon, Post-consumer Polyamide/Nylon, deadstock Polyamide/Nylon",,8.38,2.75,1.15,9.68,10.4,32.36,7.51,0.003,2.38,102.0,17.2,3.4387096774193546,4.411330049261084,3.6957337083919364,3.673684210526316
tex_nylo_22,Textiles,"Nylon 4.10, bio-based, for textile production",Bio-based Nylon,,14.9,43.2,68.4,15.2,9.29,150.99,15.8,0.041,149.0,221.0,19.6,1.802867383512545,1.0,1.0,1.7368421052631584
tex_ultr_23,Textiles,Ultramid B {BASF},Ultramid®,,11.2,3.41,0.835,14.8,9.29,39.535,11.9,0.003,1.82,216.0,19.6,2.731182795698925,4.248768472906404,3.843413033286451,1.8771929824561404
tex_nylo_24,Textiles,"Nylon 6.6, Amni Soul Eco (Solvay Group, Brazil - contains data for yarn formation/spinning)",Amni Soul Eco®,,16.6,8.43,2.69,18.5,9.29,55.51,17.6,0.008,5.86,270.0,19.6,1.3763440860215055,3.012315270935961,2.9737458977965305,1.0
tex_poly_25,Textiles,Polyester fabric,Polyester,PL/PES,9.66,3.29,1.32,12.6,9.29,36.2,10.2,0.003,2.88,184.0,19.6,3.1175627240143373,4.27832512315271,3.6160337552742616,2.649122807017544
tex_lycr_26,Textiles,LYCRA T400 EcoMade Fiber {The LYCRA Company},LYCRA® T400 EcoMade Fiber,,13.0,4.86,1.6,15.2,10.4,45.06,13.8,0.005,3.49,222.0,22.0,2.279569892473119,3.8916256157635467,3.484763244256915,1.7368421052631584
tex_poly_27,Textiles,"Polyethylene terephthalate (PET), chemically (methanolysis) recycled, for textiles","Recycled Polyester, Upcycled Polyester, Post-consumer Polyester, deadstock Polyester, Ecomove",,8.69,6.89,1.1,9.07,9.29,35.04,8.98,0.005,4.51,130.0,19.6,3.360931899641577,3.391625615763547,3.719174871073605,3.887719298245614
tex_poly_28,Textiles,Polyethylene (PE) fabric,Polyethylene,,5.14,2.54,0.501,8.37,5.96,22.51,5.45,0.002,1.09,122.0,12.6,4.251612903225807,4.463054187192118,4.0,4.133333333333334
tex_poly_29,Textiles,Polylactic Acid (PLA) fabric,Polylactic,,9.06,6.91,1.76,9.03,9.29,36.1,9.6,0.007,3.83,132.0,19.6,3.2681003584229393,3.3866995073891624,3.4097515236755744,3.901754385964913
tex_poly_30,Textiles,Polypropylene (PP) fabric,Polypropylene,PP,5.6,2.59,0.522,8.49,7.04,24.2,5.94,0.002,1.14,124.0,14.9,4.136200716845878,4.450738916256158,3.990154711673699,4.091228070175439
tex_poly_31,Textiles,"Polypropylene (PP), recycled for textile",Polypropylene Recycled,,4.15,2.39,0.532,3.6,5.96,16.632,4.4,0.002,1.16,52.6,12.6,4.5,4.5,3.985466479137365,5.0
tex_poly_32,Textiles,Polytrimethylene terephthalate (PTT) fabric,Polytrimethylene terephthalate,,10.3,12.0,1.54,12.6,10.4,46.8,10.9,0.011,3.36,183.0,22.0,2.956989247311828,2.1330049261083746,3.512892639474918,2.649122807017544
tex_poly_33,Textiles,Polyurethane (PU) fabric,Polyurethane ,,10.5,3.48,0.915,14.1,8.15,37.2,11.2,0.003,2.0,206.0,19.6,2.906810035842294,4.231527093596059,3.8059071729957807,2.12280701754386
tex_free_34,Textiles,Freeflex™ TPU Resin {BASF} for textile,Freeflex™,,11.7,4.7,0.9540000000000001,14.7,9.29,41.343999999999994,12.4,0.004,2.08,215.0,19.6,2.60573476702509,3.9310344827586206,3.7876230661040786,1.9122807017543866
tex_silk_35,Textiles,Silk fabric,Silk,SE,85.2,591.0,349.0,52.6,8.22,1086.0,90.3,0.564,760.0,768.0,17.3,1.0,1.0,1.0,1.0
tex_visc_36,Textiles,Viscose/Rayon fabric from wood pulp,Viscose / Rayon,VI,14.8,12.2,5.01,13.0,10.6,55.6,15.7,0.012,10.9,190.0,22.3,1.827956989247312,2.0837438423645325,1.8860759493670889,2.5087719298245617
tex_visc_37,Textiles,Viscose/Rayon (Regenerated cellulose) from bamboo,Bamboo Viscose,,12.9,8.73,2.53,12.7,9.4,46.26,13.7,0.008,5.51,186.0,19.8,2.3046594982078856,2.938423645320197,3.0487576183778717,2.614035087719299
tex_liva_38,Textiles,Livaeco™ Viscose Staple Fiber {BIRLA},Livaeco™ Viscose,,11.2,7.89,2.66,10.6,9.4,41.75,11.9,0.008,5.8,155.0,19.8,2.731182795698925,3.1453201970443354,2.9878105954055316,3.3508771929824563
tex_lenz_39,Textiles,Lenzing™ECOVERO™Viscose,Lenzing™ECOVERO™ Viscose,,9.71,7.96,2.57,9.25,9.4,38.89,10.3,0.008,5.61,135.0,19.8,3.1050179211469535,3.12807881773399,3.0300046882325367,3.8245614035087723
tex_wool_40,Textiles,Wool fabric,Wool,WO,45.2,15.8,1.67,9.13,7.2,79.0,47.9,0.015,3.63,133.0,15.2,1.0,1.1970443349753697,3.451945616502578,3.8666666666666663
tex_wool_41,Textiles,"Wool fabric, recycled","Recycled Wool, Upcycled Wool, Post-consumer Wool, deadstock Wool",,10.4,8.96,1.99,9.83,7.2,38.38,9.49,0.004,3.68,127.0,15.2,2.9318996415770613,2.881773399014778,3.301922175339897,3.6210526315789475
lea_cow _42,Leather,Cow leather,Cow leather,,34.3,77.4,9.99,14.0,40.3,176.0,36.4,0.074,21.8,204.0,85.0,1.0,1.4997733454215774,1.0,1.0
lea_goat_43,Leather,Goat leather,Goat leather,,9.47,90.0,0.415,7.83,40.3,148.0,10.0,0.021,0.905,114.0,85.0,1.0,1.0,4.0,3.863109048723898
lea_kang_44,Leather,Kangaroo leather,Kangaroo leather,,8.96,3.64,1.9,9.27,28.0,51.8,9.5,0.003,4.15,135.0,59.0,1.4903846153846152,4.425430643699002,1.0,3.194895591647332
lea_pig _45,Leather,Pig leather,Pig leather,,9.47,21.6,0.415,7.83,40.3,79.6,10.0,0.021,0.905,114.0,85.0,1.0,3.7130553037171348,4.0,3.863109048723898
lea_plan_46,Leather,Plant based leather (Piñatex®),Piñatex® Plant based leather,,5.83,4.03,1.79,5.38,0.948,18.0,6.18,0.004,3.91,78.6,2.0,4.5,4.409961468721669,1.2222222222222219,5.0
ins_duck_109,Insulation material,Duck Down insulation,Duck Down Fill,,1.51,4.0,0.268,0.755,6.86,13.4,1.61,0.004,0.585,11.0,14.5,2.6442307692307696,4.5,3.9818181818181815,2.206496519721578
ins_duck_110,Insulation material,"Duck down, recycled",Recycled Duck Down Fill,,0.7490000000000001,0.7709999999999999,0.14300000000000002,0.604,2.92,5.187,0.794,0.0007351,0.312,8.82,6.16,3.7724665391969405,2.485113210911036,3.599786552828175,4.8912886969042475
ins_goos_111,Insulation material,Goose Down insulation,Goose Down Fill,,1.51,4.0,0.268,0.755,6.86,13.4,1.61,0.004,0.585,11.0,14.5,4.5,4.5,4.0,5.0
ins_goos_112,Insulation material,"Goose down, recycled",Recycled Goose Down Fill,,2.11,2.28,0.44,1.66,2.92,9.41,0.794,0.0007351,0.312,8.82,6.16,3.7724665391969405,2.485113210911036,3.599786552828175,4.8912886969042475
ins_poly_113,Insulation material,Polyester insulation,Polyester Fill,,3.93,0.879,0.573,6.16,2.89,14.4,4.17,0.0008382999999999999,1.25,90.0,6.1,3.198852772466539,3.5583883045106077,3.049092849519744,4.239740820734341
ins_poly_114,Insulation material,"Polyethylene terephthalate (PET), chemically (methanolysis) recycled, for insulation",Recycled Polyester Fill,,3.11,3.94,0.38299999999999995,3.16,2.89,13.482999999999999,3.29,0.004,0.835,46.1,6.1,1.4588910133843211,4.432608308076306,2.6232657417289227,1.0
rub_styr_92,Rubbers/Elastomers,Styrene-butadiene rubber (SBR),SBR Rubber,,4.75,1.29,0.355,7.73,5.81,19.9,5.03,0.001,0.774,113.0,12.3,2.24282982791587,2.5225530397575326,3.2315901814300965,3.1598272138228944
rub_typi_96,Rubbers/Elastomers,Typical footwear rubber compound,Typical Footwear Rubber,,4.08,1.42,0.312,6.35,5.81,18.0,4.33,0.001,0.6809999999999999,92.7,12.3,1.0,1.0,1.8324439701173962,2.850251979841613
pla_epox_48,Plastics,Epoxy plastic,Epoxy Plastic,,7.3,1.95,0.25,9.21,5.78,24.5,7.73,0.002,0.545,134.0,12.2,1.0,1.0,1.0,2.439884809215263
pla_poly_52,Plastics,Polycarbonate (PC) plastic,Polycarbonate Plastic ,,6.08,1.84,0.457,8.07,5.78,22.2,6.44,0.002,0.997,118.0,12.2,3.5131578947368425,3.2923976608187133,1.8547486033519558,2.8015267175572514
new_natu_128,New Material,Natural Rubber (Latex),Latex ,,0.8540000000000001,8.72,2.17,0.662,1.9,14.306,2.43,0.009,5.39,25.7,12.3,4.394736842105264,2.7602339181286553,2.5754189944134076,4.908396946564887
met_alum_69,Metals,Aluminium,Aluminium,,9.05,2.54,0.6579999999999999,7.23,4.82,24.3,9.6,0.002,1.43,106.0,10.2,1.9473684210526312,3.4561403508771926,3.4301675977653625,1.0
met_bras_70,Metals,Brass,Brass,,0.894,0.368,0.14800000000000002,0.726,3.84,5.97,0.9470000000000001,0.00035099999999999997,0.32299999999999995,10.6,8.09,4.5,4.192982456140351,2.072625698324022,4.938931297709924
met_chro_71,Metals,Chromium,Chromium,,7.5,2.74,0.442,6.02,3.84,20.5,7.95,0.003,0.9640000000000001,87.9,8.09,3.1052631578947376,3.6608187134502925,2.675977653631285,2.5267175572519083
met_copp_72,Metals,Copper,Copper,,4.24,1.75,1.31,3.12,4.82,15.2,4.5,0.002,2.86,45.6,10.2,3.947368421052632,4.111111111111111,2.642458100558659,3.3816793893129775
met_gold_73,Metals,Gold,Gold,,60240.0,45323.0,3641.0,44734.0,5.8,153944.0,63854.0,43.2,7938.0,653151.0,12.2,5.0,1.0,1.0,5.0
met_iron_74,Metals,Iron,Iron,,2.39,0.625,0.039,1.89,4.82,9.77,2.54,0.0005964,0.086,27.6,10.2,3.3026315789473686,2.023391812865497,3.9664804469273744,2.954198473282443
met_lead_75,Metals,Lead,Lead,,1.8,0.588,0.20600000000000002,1.4,3.84,7.83,1.91,0.0005610000000000001,0.45,20.5,8.09,4.052631578947368,4.5,4.0,3.5038167938931304
met_nick_76,Metals,Nickel,Nickel,,7.85,3.53,1.99,8.43,4.82,26.6,8.32,0.003,4.33,123.0,10.2,1.0,1.0,1.0,5.0
met_plat_77,Metals,Platinum,Platinum,,32446.0,19482.0,1850.0,24018.0,5.8,77802.0,34393.0,18.6,4033.0,350674.0,12.2,1.9868421052631577,1.0,1.0,2.4503816793893134
met_silv_78,Metals,Silver,Silver,,80.3,30.8,15.1,69.9,4.82,201.0,85.1,0.028999999999999998,33.0,1020.0,10.2,1.9868421052631577,1.0,1.0,2.4503816793893134
met_stee_79,Metals,Steel,Steel,,0.797,0.28,0.079,0.67,3.84,5.66,0.8440000000000001,0.0002674,0.17300000000000001,9.78,8.09,3.1578947368421058,3.783625730994152,3.2290502793296083,2.7404580152671763
met_tin_80,Metals,Tin,Tin,,20.4,61.0,5.91,17.6,5.8,111.0,21.6,0.057999999999999996,12.9,257.0,12.2,1.0,1.7588699080157686,4.0,1.0
met_tita_81,Metals,Titanium,Titanium,,30.8,87.3,5.72,26.1,4.82,155.0,32.7,0.083,12.5,381.0,10.2,1.8307392996108947,2.0118265440210243,2.1572700296735907,1.6047745358090189
met_zinc_82,Metals,Zinc,Zinc,,2.42,0.8220000000000001,0.72,2.15,3.84,9.94,2.56,0.000784,1.57,31.3,8.09,2.450389105058366,2.034822601839684,2.477744807121662,1.7267904509283825
pla_acry_47,Plastics,Acrylonitrile butadiene styrene (ABS) plastic,,,5.17,1.83,0.42100000000000004,7.84,5.78,21.0,5.48,0.002,0.9179999999999999,114.0,12.2,1.0,1.0,3.1810089020771515,1.0
pla_nylo_49,Plastics,Nylon/Polyamide (PA) plastic,,,9.38,2.28,0.342,11.6,5.78,29.3,9.94,0.002,0.746,169.0,12.2,4.343385214007782,3.483574244415243,2.005934718100891,4.883289124668435
pla_nylo_50,Plastics,"Nylon, mechanically recycled, for plastic",,,2.39,1.2,0.474,1.89,4.81,10.764000000000001,2.53,0.001,1.03,27.6,10.1,2.2188715953307394,2.5407358738501964,3.9109792284866467,1.6949602122015919
pla_poly_51,Plastics,Poly(methyl methacrylate) (PMMA) (Acrylic) plastic,,,5.51,1.61,0.26,7.9,5.78,22.2,5.84,0.002,0.5670000000000001,115.0,12.2,4.5,4.5,3.56379821958457,5.0
pla_poly_53,Plastics,"Polycarbonate (PC) plastic, recycled",,,2.16,0.758,0.299,1.67,4.81,9.7,2.29,0.0007235000000000001,0.6509999999999999,24.3,10.1,2.021400778210117,3.02365308804205,1.0,1.7108753315649872
pla_poly_54,Plastics,Polyester plastic,,,5.8,1.4,0.5870000000000001,7.87,5.78,21.4,6.14,0.001,1.28,115.0,12.2,3.417315175097276,1.0,1.9703264094955495,3.93368700265252
pla_poly_55,Plastics,"Polyethylene terephthalate (PET), chemically (methanolysis) recycled, for plastic",,,3.75,4.17,0.478,3.68,5.78,17.86,3.98,0.004,1.04,53.7,12.2,3.5398832684824906,1.0,1.0,4.013262599469496
pla_poly_56,Plastics,"Polyethylene terephthalate (PET) plastic, chemically (BHET) recycled, for plastic",,,3.57,2.8,1.31,3.53,5.78,16.99,3.78,0.003,2.85,51.5,10.1,3.444552529182879,3.6905387647831795,3.002967359050445,2.4535809018567645
pla_poly_57,Plastics,Polyethylene (PE) plastic,,,3.71,1.11,0.36200000000000004,6.47,4.81,16.5,3.93,0.001,0.79,94.4,10.1,3.1994163424124515,1.0,1.0,3.9549071618037135
pla_poly_58,Plastics,Polylactic Acid (PLA) plastic,,,4.07,4.19,1.04,3.64,5.78,18.7,4.31,0.004,2.27,53.2,12.2,2.368677042801556,3.5525624178712225,2.0237388724035608,1.7320954907161807
pla_poly_59,Plastics,Polyoxymethylene (POM) plastic,,,5.29,1.17,0.47200000000000003,7.83,4.81,19.57,5.61,0.001,1.03,114.0,10.1,3.3832684824902723,3.6905387647831795,3.091988130563798,2.4588859416445628
pla_poly_60,Plastics,Polypropylene (PP) plastic,,,3.8,1.11,0.35200000000000004,6.46,5.78,17.5,4.03,0.001,0.767,94.4,12.2,4.493190661478599,4.497700394218134,3.56379821958457,5.0
pla_poly_61,Plastics,"Polypropylene (PP), recycled, for plastic",,,2.17,0.759,0.299,1.67,4.81,9.71,2.3,0.0007237,0.652,24.3,10.1,3.2062256809338523,3.8745072273324572,3.0385756676557865,2.384615384615385
pla_poly_62,Plastics,Polysterene (PS) plastic,,,4.06,1.03,0.358,6.6,4.81,16.9,4.3,0.000982,0.78,96.4,10.1,1.0,1.0,4.0,1.0
pla_poly_63,Plastics,Polytetrafluoroethylene (PTFE) plastic,,,12.6,3.36,0.25,15.4,5.78,37.4,13.4,0.003,0.545,224.0,12.2,3.2538910505836576,3.598554533508542,1.0,2.86737400530504
pla_poly_64,Plastics,Polyvinyl Acetate (PVA) plastic,,,3.99,1.15,0.66,5.69,5.78,17.3,4.23,0.001,1.44,83.0,12.2,3.0428015564202338,3.184625492772667,2.602373887240356,2.9363395225464197
pla_poly_65,Plastics,Polyvinyl chloride (PVC) plastic,,,4.3,1.33,0.40700000000000003,5.56,5.78,17.38,4.56,0.001,0.8859999999999999,81.2,12.2,1.2315175097276265,1.137976346911957,1.4718100890207717,2.427055702917772
pla_sili_66,Plastics,Silicone plastic,,,6.96,2.22,0.534,6.52,5.78,22.0,7.37,0.002,1.16,95.2,12.2,1.735408560311284,1.7818659658344282,2.1661721068249262,1.5517241379310347
pla_ther_67,Plastics,Thermoplastic Polyurethane (TPU) plastic,,,6.22,1.94,0.456,8.17,5.78,22.6,6.59,0.002,0.993,119.0,12.2,3.0428015564202338,4.136662286465178,5.0,2.071618037135279
pla_ther_68,Plastics,Thermoset polyurethane PU plastic,,,4.3,0.9159999999999999,0.165,7.19,4.82,17.4,4.56,0.0008742000000000001,0.361,105.0,12.2,,,,
rub_buty_83,Rubbers/Elastomers,Butyl rubber,,,5.94,1.25,0.261,8.91,5.81,22.2,6.3,0.001,0.569,130.0,12.3,3.537246275372463,4.369729907773386,3.6836995401124173,3.968147856861974
rub_chlo_84,Rubbers/Elastomers,Chloroprene rubber (Neoprene),,,4.0,1.07,0.342,6.33,5.81,17.6,4.24,0.001,0.746,92.5,12.3,4.488684464886845,4.494927536231884,3.9443025038323967,4.991191506095163
eth_ethy_85,Ethylene Propylene Diene Elastomer (EPDM),Ethylene Propylene Diene Elastomer (EPDM),,,4.7,1.05,0.198,7.78,5.81,19.538,4.99,0.001,0.431,114.0,12.3,3.7180615271806152,4.358201581027668,3.794072560040879,4.158474243020056
rub_foam_86,Rubbers/Elastomers,Foamed rubber,,,5.06,1.2,0.306,7.91,5.81,20.3,5.36,0.001,0.6659999999999999,115.0,12.3,4.098356830983568,4.415266798418973,3.350536535513541,4.6146283916633895
rub_isop_87,Rubbers/Elastomers,Isoprene Rubber (IR),,,4.42,1.09,0.308,7.35,5.81,19.0,4.69,0.001,0.672,107.0,12.3,1.0,1.0,1.0,1.0
rub_natu_88,Rubbers/Elastomers,Natural Rubber (NR),,,2.29,9.64,2.47,1.76,5.81,22.0,2.43,0.009000000000000001,5.39,25.7,12.3,4.314168583141686,4.480113636363637,4.0,4.808100668501769
rub_nitr_89,Rubbers/Elastomers,Nitrile Rubber (NBR),,,4.91,1.6,0.22899999999999998,7.63,5.81,20.2,5.21,0.002,0.498,111.0,12.3,4.38299503382995,4.482246376811593,3.9146653040367907,4.885174990169092
rub_poly_90,Rubbers/Elastomers,Polybutadiene rubber (BR),,,4.34,0.995,0.22699999999999998,7.27,5.81,18.6,4.34,0.000949,0.495,106.0,12.3,3.677232276772323,4.312664690382082,3.003065917220235,3.7793944160440427
rub_sili_91,Rubbers/Elastomers,Silicone rubber,,,6.66,2.13,0.486,6.29,5.81,21.4,7.06,0.002,1.06,91.8,12.3,1.0,1.0,1.0,1.0
rub_ther_93,Rubbers/Elastomers,Thermoplastic elastomer (TPE),,,5.91,1.85,0.406,7.96,5.81,21.9,6.27,0.002,0.8859999999999999,116.0,12.3,1.0,2.7407773386034258,1.0,1.0
rub_ther_94,Rubbers/Elastomers,Thermoplastic polyurethane (TPU) rubber,,,5.91,1.85,0.406,7.96,5.81,21.9,6.27,0.002,0.8859999999999999,116.0,12.3,4.5,4.5,3.9795605518650996,5.0
rub_ther_95,Rubbers/Elastomers,Thermoset polyurethane (PU) rubber,,,5.02,1.17,0.273,7.77,4.82,19.1,5.32,0.001,0.594,113.0,12.3,2.21321201213212,1.0,1.0,2.337003539127015
coa_bico_97,Coatings and Laminations,BiComponent Coating,,,2.98,0.532,0.34299999999999997,5.55,2.86,12.3,3.16,0.0005074,0.747,81.0,6.04,1.0,1.0,1.0970873786407769,1.0
coa_bico_98,Coatings and Laminations,BiComponent Laminate,,,3.82,0.84,0.42,6.44,4.83,16.4,4.05,0.0008064,0.9279999999999999,94.0,10.2,4.310668933106689,4.468758234519104,3.6520183955033216,4.767204089657884
coa_micr_99,Coatings and Laminations,Microporous Coating,,,3.57,0.664,0.073,6.56,1.91,12.8,3.78,0.0006335,0.158,95.8,6.04,,,,
coa_micr_100,Coatings and Laminations,Microporous Laminate,,,4.44,0.93,0.151,7.59,3.84,17.0,4.71,0.000891,0.32899999999999996,111.0,10.2,4.5,4.5,1.6657060518731988,5.0
coa_mono_101,Coatings and Laminations,Monolithic Coating,,,3.57,0.664,0.073,6.56,1.91,12.8,3.78,0.0006335,0.158,95.8,6.04,2.4863013698630145,1.7914572864321614,1.0,3.254901960784313
coa_mono_102,Coatings and Laminations,Monolithic Laminate,,,4.44,0.93,0.151,7.59,3.84,17.0,4.71,0.000891,0.32899999999999996,111.0,10.2,3.085616438356165,3.3391959798994977,4.0,3.0196078431372553
woo_card_103,Wood-based materials,Cardboard,,,1.29,1.0,0.12,1.18,0.948,4.55,1.36,0.0009586999999999999,0.281,17.3,2.0,1.0,1.0,3.3256484149855905,1.0
woo_card_104,Wood-based materials,"Cardboard, recycled",,,0.799,0.584,0.115,0.725,1.9,4.123,0.847,0.0005572999999999999,0.25,10.6,4.0,3.085616438356165,3.3391959798994977,4.0,3.0196078431372553
woo_cork_105,Wood-based materials,Cork,,,0.555,0.466,0.027999999999999997,0.496,1.95,3.49,0.589,0.0004445,0.06,7.24,4.11,1.0,1.0,3.3256484149855905,1.0
woo_pape_106,Wood-based materials,Paper,,,0.605,0.295,0.081,0.546,0.948,2.48,0.6409999999999999,0.0002815,0.177,7.98,2.0,1.0,1.0,1.535714285714286,1.0
woo_pape_107,Wood-based materials,"Paper, recycled",,,0.436,0.555,0.07,0.36,0.948,2.37,0.462,0.0005295,0.153,5.26,2.0,3.012295081967213,3.065248226950355,1.6696428571428574,3.2195121951219514
woo_wood_108,Wood-based materials,Wood,,,1.08,0.6,0.14,0.91,3.89,6.62,1.15,0.0005724,0.307,13.3,8.21,4.012295081967213,3.651063829787234,4.0,4.336585365853658
ins_shee_115,Insulation material,Sheep Wool insulation,,,32.8,12.0,0.82,3.59,1.93,51.1,34.8,0.011000000000000001,1.79,52.3,4.07,3.807377049180328,4.5,2.580357142857143,4.0926829268292675
ins_shee_116,Insulation material,"Sheep Wool insulation, recycled",,,4.41,6.38,1.08,4.16,1.93,17.96,3.43,0.003,1.84,47.0,4.07,4.5,3.209219858156028,2.875,5.0
foa_ethy_117,Foam,Ethylene-vinyl acetate (EVA) foam,,,5.01,1.49,0.66,7.61,5.96,20.7,5.31,0.00149,1.44,111.0,12.6,1.8606557377049178,2.9858156028368796,1.0,2.317073170731707
"foa_0,et_118",Foam,"0,Ethylene-vinyl acetate (EVA) foam, recycled",,,2.54,0.893,0.326,2.0,4.94,10.7,2.69,0.0008517000000000002,0.711,29.2,10.4,1.1492248062015507,1.0,1.0,1.1243523316062176
foa_poly_119,Foam,Polyethylene (PE) foam,,,5.12,1.36,0.32799999999999996,7.21,5.96,20.0,5.43,0.0013599999999999999,0.716,105.0,12.6,4.5,4.5,3.1502145922746783,5.0
foa_poly_120,Foam,Polyurethane (PU) foam,,,4.82,1.07,0.19399999999999998,7.79,4.96,18.8,5.11,0.00107,0.424,114.0,12.6,1.0,1.7621440536013395,3.1373390557939915,1.4006908462867012
foa_typi_121,Foam,Typical EVA shoe compound,,,4.78,1.4,0.552,7.26,5.96,19.9,5.07,0.0014,1.2,106.0,12.6,1.4069767441860461,3.4623115577889445,4.0,1.0
syn_poly_122,Leather,Polyurethane (PU) synthetic leather,Synthetic leather,,7.76,1.76,0.424,11.4,8.53,29.874000000000002,8.23,0.002,0.9229999999999999,167.0,18.0,1.461240310077519,1.5276381909547743,1.6952789699570814,1.3661485319516409
mis_glas_123,Miscellaneous,Glass fiber fabric,,GL/GF,4.34,1.56,0.40299999999999997,3.81,2.92,13.0,4.6,0.001,0.879,55.7,6.17,4.5,4.5,4.0,5.0
cer_flax_124,Certification,"Flax Fiber {Bast Fiber Tech}, Belgium",,,11.6,9.28,7.14,9.96,11.1,49.08,12.3,0.009,15.6,145.0,23.5,1.0,1.0,1.0,1.0
mis_poly_125,Miscellaneous,"Polyethylene terephthalate (PET) {Toray}, partially bio-based",,,10.2,7.75,1.13,12.3,10.4,41.78,10.9,0.007,2.47,180.0,22.0,,,,
